Name,Category,Data Format
Gems,Currency,integer
Gold,Currency,integer
Elixir,Currency,integer
Dark Elixir,Currency,integer
Builder Gold,Currency,integer
Builder Elixir,Currency,integer
Capital Gold,Currency,integer
Shiny Ore,Currency,integer
Glowy Ore,Currency,short
Starry Ore,Currency,short
Raid Medals,Currency,short
Clan War League Medals,Currency,short
Experience,Statistic,long
Total Gems,Statistic,integer
Total Gold,Statistic,long
Total Elixir,Statistic,long
Total Dark Elixir,Statistic,long
Total Builder Gold,Statistic,long
Total Builder Elixir,Statistic,long
Total Capital Gold,Statistic,integer
Total Shiny Ore,Statistic,integer
Total Glowy Ore,Statistic,integer
Total Starry Ore,Statistic,integer
Obstacles Cleared,Statistic,short
Total Raid Medals,Statistic,integer
Total Clan War League Medals,Statistic,integer
Total Opened Chests,Statistic,integer
Last Resource Check,Statistic,integer
Last Obstacle Check,Statistic,integer
Mushroom,Obstacle,byte
Bush,Obstacle,byte
Trunk,Obstacle,byte
Small Tree,Obstacle,byte
Medium Tree,Obstacle,byte
Large Tree,Obstacle,byte
Small Stone,Obstacle,byte
Pebbles,Obstacle,byte
Small Rock,Obstacle,byte
Tall Stone,Obstacle,byte
Big Rock,Obstacle,byte
Treasury Gold,Treasury,integer
Treasury Elixir,Treasury,integer
Treasury Dark Elixir,Treasury,integer
Builder Bite,Magic Item,byte
Clan Castle Cake,Magic Item,byte
Study Soup,Magic Item,byte
Power Pancakes,Magic Item,byte
Mighty Morsel,Magic Item,byte
Hero Potion,Magic Item,byte
Research Potion,Magic Item,byte
Power Potion,Magic Item,byte
Resource Potion,Magic Item,byte
Wall Rings,Magic Item,byte
Builder Potion,Magic Item,byte
Pet Potion,Magic Item,byte
Super Potion,Magic Item,byte
Builder Star Jar,Magic Item,byte
Clock Tower Potion,Magic Item,byte
Shovel of Obstacles,Magic Item,byte
Book of Building,Magic Item,byte
Book of Heroes,Magic Item,byte
Book of Fighting,Magic Item,byte
Book of Spells,Magic Item,byte
Book of Everything,Magic Item,byte
Rune of Builder Gold,Magic Item,byte
Rune of Builder Elixir,Magic Item,byte
Hammer of Building,Magic Item,byte
Hammer of Heroes,Magic Item,byte
Hammer of Fighting,Magic Item,byte
Hammer of Spells,Magic Item,byte
Rune of Gold,Magic Item,byte
Rune of Elixir,Magic Item,byte
Rune of Dark Elixir,Magic Item,byte
Builder #1 Upgrade,Upgrade,short
Builder #1 Time,Upgrade,integer
Builder #2 Upgrade,Upgrade,short
Builder #2 Time,Upgrade,integer
Builder #3 Upgrade,Upgrade,short
Builder #3 Time,Upgrade,integer
Builder #4 Upgrade,Upgrade,short
Builder #4 Time,Upgrade,integer
Builder #5 Upgrade,Upgrade,short
Builder #5 Time,Upgrade,integer
Builder #6 Upgrade,Upgrade,short
Builder #6 Time,Upgrade,integer
Builder #7 Upgrade,Upgrade,short
Builder #7 Time,Upgrade,integer
Builder #8 Upgrade,Upgrade,short
Builder #8 Time,Upgrade,integer
Builder #9 Upgrade,Upgrade,short
Builder #9 Time,Upgrade,integer
Researcher #1 Upgrade,Upgrade,short
Researcher #1 Time,Upgrade,integer
Researcher #2 Upgrade,Upgrade,short
Researcher #2 Time,Upgrade,integer
Researcher #3 Upgrade,Upgrade,short
Researcher #3 Time,Upgrade,integer
Builder #1 Currency,Upgrade,byte
Builder #1 Cost,Upgrade,integer
Builder #2 Currency,Upgrade,byte
Builder #2 Cost,Upgrade,integer
Builder #3 Currency,Upgrade,byte
Builder #3 Cost,Upgrade,integer
Builder #4 Currency,Upgrade,byte
Builder #4 Cost,Upgrade,integer
Builder #5 Currency,Upgrade,byte
Builder #5 Cost,Upgrade,integer
Builder #6 Currency,Upgrade,byte
Builder #6 Cost,Upgrade,integer
Builder #7 Currency,Upgrade,byte
Builder #7 Cost,Upgrade,integer
Builder #8 Currency,Upgrade,byte
Builder #8 Cost,Upgrade,integer
Builder #9 Currency,Upgrade,byte
Builder #9 Cost,Upgrade,integer
Researcher #1 Currency,Upgrade,byte
Researcher #1 Cost,Upgrade,integer
Researcher #2 Currency,Upgrade,byte
Researcher #2 Cost,Upgrade,integer
Researcher #3 Currency,Upgrade,byte
Researcher #3 Cost,Upgrade,integer
Town Hall,Important,byte
Town Hall 12 Weapon,Defense Level,byte
Town Hall 13 Weapon,Defense Level,byte
Town Hall 14 Weapon,Defense Level,byte
Town Hall 15 Weapon,Defense Level,byte
Town Hall 17 Weapon,Defense Level,byte
Smasher,Defense Level,byte
Longshot,Defense Level,byte
Logger,Defense Level,byte
Cannon #1,Defense Level,byte
Cannon #2,Defense Level,byte
Cannon #3,Defense Level,byte
Cannon #4,Defense Level,byte
Cannon #5,Defense Level,byte
Cannon #6,Defense Level,byte
Cannon #7,Defense Level,byte
Archer Tower #1,Defense Level,byte
Archer Tower #2,Defense Level,byte
Archer Tower #3,Defense Level,byte
Archer Tower #4,Defense Level,byte
Archer Tower #5,Defense Level,byte
Archer Tower #6,Defense Level,byte
Archer Tower #7,Defense Level,byte
Archer Tower #8,Defense Level,byte
Archer Tower #9,Defense Level,byte
Mortar #1,Defense Level,byte
Mortar #2,Defense Level,byte
Mortar #3,Defense Level,byte
Mortar #4,Defense Level,byte
Air Defense #1,Defense Level,byte
Air Defense #2,Defense Level,byte
Air Defense #3,Defense Level,byte
Air Defense #4,Defense Level,byte
Wizard Tower #1,Defense Level,byte
Wizard Tower #2,Defense Level,byte
Wizard Tower #3,Defense Level,byte
Wizard Tower #4,Defense Level,byte
Wizard Tower #5,Defense Level,byte
Air Sweeper #1,Defense Level,byte
Air Sweeper #2,Defense Level,byte
Hidden Tesla #1,Defense Level,byte
Hidden Tesla #2,Defense Level,byte
Hidden Tesla #3,Defense Level,byte
Hidden Tesla #4,Defense Level,byte
Hidden Tesla #5,Defense Level,byte
Bomb Tower #1,Defense Level,byte
Bomb Tower #2,Defense Level,byte
X-Bow #1,Defense Level,byte
X-Bow #2,Defense Level,byte
X-Bow #3,Defense Level,byte
X-Bow #4,Defense Level,byte
Inferno Tower #1,Defense Level,byte
Inferno Tower #2,Defense Level,byte
Inferno Tower #3,Defense Level,byte
Eagle Artillery,Defense Level,byte
Scattershot #1,Defense Level,byte
Scattershot #2,Defense Level,byte
Builder's Hut #1,Defense Level,byte
Builder's Hut #2,Defense Level,byte
Builder's Hut #3,Defense Level,byte
Builder's Hut #4,Defense Level,byte
Builder's Hut #5,Defense Level,byte
Monolith,Defense Level,byte
Spell Tower #1,Defense Level,byte
Spell Tower #2,Defense Level,byte
Ricochet Cannon #1,Defense Level,byte
Ricochet Cannon #2,Defense Level,byte
Ricochet Cannon #3,Defense Level,byte
Multi-Archer Tower #1,Defense Level,byte
Multi-Archer Tower #2,Defense Level,byte
Multi-Archer Tower #3,Defense Level,byte
Multi-Archer Tower #4,Defense Level,byte
Firespitter #1,Defense Level,byte
Firespitter #2,Defense Level,byte
Multi-Gear Tower,Defense Level,byte
Revenge Tower,Defense Level,byte
Super Wizard Tower #1,Defense Level,byte
Super Wizard Tower #2,Defense Level,byte
Crafted Defense AA,Defense Level,byte
Crafted Defense AB,Defense Level,byte
Crafted Defense AC,Defense Level,byte
Crafted Defense BA,Defense Level,byte
Crafted Defense BB,Defense Level,byte
Crafted Defense BC,Defense Level,byte
Crafted Defense CA,Defense Level,byte
Crafted Defense CB,Defense Level,byte
Crafted Defense CC,Defense Level,byte
Wall #1,Wall Level,byte
Wall #2,Wall Level,byte
Wall #3,Wall Level,byte
Wall #4,Wall Level,byte
Wall #5,Wall Level,byte
Wall #6,Wall Level,byte
Wall #7,Wall Level,byte
Wall #8,Wall Level,byte
Wall #9,Wall Level,byte
Wall #10,Wall Level,byte
Wall #11,Wall Level,byte
Wall #12,Wall Level,byte
Wall #13,Wall Level,byte
Wall #14,Wall Level,byte
Wall #15,Wall Level,byte
Wall #16,Wall Level,byte
Wall #17,Wall Level,byte
Wall #18,Wall Level,byte
Wall #19,Wall Level,byte
Wall #20,Wall Level,byte
Wall #21,Wall Level,byte
Wall #22,Wall Level,byte
Wall #23,Wall Level,byte
Wall #24,Wall Level,byte
Wall #25,Wall Level,byte
Wall #26,Wall Level,byte
Wall #27,Wall Level,byte
Wall #28,Wall Level,byte
Wall #29,Wall Level,byte
Wall #30,Wall Level,byte
Wall #31,Wall Level,byte
Wall #32,Wall Level,byte
Wall #33,Wall Level,byte
Wall #34,Wall Level,byte
Wall #35,Wall Level,byte
Wall #36,Wall Level,byte
Wall #37,Wall Level,byte
Wall #38,Wall Level,byte
Wall #39,Wall Level,byte
Wall #40,Wall Level,byte
Wall #41,Wall Level,byte
Wall #42,Wall Level,byte
Wall #43,Wall Level,byte
Wall #44,Wall Level,byte
Wall #45,Wall Level,byte
Wall #46,Wall Level,byte
Wall #47,Wall Level,byte
Wall #48,Wall Level,byte
Wall #49,Wall Level,byte
Wall #50,Wall Level,byte
Wall #51,Wall Level,byte
Wall #52,Wall Level,byte
Wall #53,Wall Level,byte
Wall #54,Wall Level,byte
Wall #55,Wall Level,byte
Wall #56,Wall Level,byte
Wall #57,Wall Level,byte
Wall #58,Wall Level,byte
Wall #59,Wall Level,byte
Wall #60,Wall Level,byte
Wall #61,Wall Level,byte
Wall #62,Wall Level,byte
Wall #63,Wall Level,byte
Wall #64,Wall Level,byte
Wall #65,Wall Level,byte
Wall #66,Wall Level,byte
Wall #67,Wall Level,byte
Wall #68,Wall Level,byte
Wall #69,Wall Level,byte
Wall #70,Wall Level,byte
Wall #71,Wall Level,byte
Wall #72,Wall Level,byte
Wall #73,Wall Level,byte
Wall #74,Wall Level,byte
Wall #75,Wall Level,byte
Wall #76,Wall Level,byte
Wall #77,Wall Level,byte
Wall #78,Wall Level,byte
Wall #79,Wall Level,byte
Wall #80,Wall Level,byte
Wall #81,Wall Level,byte
Wall #82,Wall Level,byte
Wall #83,Wall Level,byte
Wall #84,Wall Level,byte
Wall #85,Wall Level,byte
Wall #86,Wall Level,byte
Wall #87,Wall Level,byte
Wall #88,Wall Level,byte
Wall #89,Wall Level,byte
Wall #90,Wall Level,byte
Wall #91,Wall Level,byte
Wall #92,Wall Level,byte
Wall #93,Wall Level,byte
Wall #94,Wall Level,byte
Wall #95,Wall Level,byte
Wall #96,Wall Level,byte
Wall #97,Wall Level,byte
Wall #98,Wall Level,byte
Wall #99,Wall Level,byte
Wall #100,Wall Level,byte
Wall #101,Wall Level,byte
Wall #102,Wall Level,byte
Wall #103,Wall Level,byte
Wall #104,Wall Level,byte
Wall #105,Wall Level,byte
Wall #106,Wall Level,byte
Wall #107,Wall Level,byte
Wall #108,Wall Level,byte
Wall #109,Wall Level,byte
Wall #110,Wall Level,byte
Wall #111,Wall Level,byte
Wall #112,Wall Level,byte
Wall #113,Wall Level,byte
Wall #114,Wall Level,byte
Wall #115,Wall Level,byte
Wall #116,Wall Level,byte
Wall #117,Wall Level,byte
Wall #118,Wall Level,byte
Wall #119,Wall Level,byte
Wall #120,Wall Level,byte
Wall #121,Wall Level,byte
Wall #122,Wall Level,byte
Wall #123,Wall Level,byte
Wall #124,Wall Level,byte
Wall #125,Wall Level,byte
Wall #126,Wall Level,byte
Wall #127,Wall Level,byte
Wall #128,Wall Level,byte
Wall #129,Wall Level,byte
Wall #130,Wall Level,byte
Wall #131,Wall Level,byte
Wall #132,Wall Level,byte
Wall #133,Wall Level,byte
Wall #134,Wall Level,byte
Wall #135,Wall Level,byte
Wall #136,Wall Level,byte
Wall #137,Wall Level,byte
Wall #138,Wall Level,byte
Wall #139,Wall Level,byte
Wall #140,Wall Level,byte
Wall #141,Wall Level,byte
Wall #142,Wall Level,byte
Wall #143,Wall Level,byte
Wall #144,Wall Level,byte
Wall #145,Wall Level,byte
Wall #146,Wall Level,byte
Wall #147,Wall Level,byte
Wall #148,Wall Level,byte
Wall #149,Wall Level,byte
Wall #150,Wall Level,byte
Wall #151,Wall Level,byte
Wall #152,Wall Level,byte
Wall #153,Wall Level,byte
Wall #154,Wall Level,byte
Wall #155,Wall Level,byte
Wall #156,Wall Level,byte
Wall #157,Wall Level,byte
Wall #158,Wall Level,byte
Wall #159,Wall Level,byte
Wall #160,Wall Level,byte
Wall #161,Wall Level,byte
Wall #162,Wall Level,byte
Wall #163,Wall Level,byte
Wall #164,Wall Level,byte
Wall #165,Wall Level,byte
Wall #166,Wall Level,byte
Wall #167,Wall Level,byte
Wall #168,Wall Level,byte
Wall #169,Wall Level,byte
Wall #170,Wall Level,byte
Wall #171,Wall Level,byte
Wall #172,Wall Level,byte
Wall #173,Wall Level,byte
Wall #174,Wall Level,byte
Wall #175,Wall Level,byte
Wall #176,Wall Level,byte
Wall #177,Wall Level,byte
Wall #178,Wall Level,byte
Wall #179,Wall Level,byte
Wall #180,Wall Level,byte
Wall #181,Wall Level,byte
Wall #182,Wall Level,byte
Wall #183,Wall Level,byte
Wall #184,Wall Level,byte
Wall #185,Wall Level,byte
Wall #186,Wall Level,byte
Wall #187,Wall Level,byte
Wall #188,Wall Level,byte
Wall #189,Wall Level,byte
Wall #190,Wall Level,byte
Wall #191,Wall Level,byte
Wall #192,Wall Level,byte
Wall #193,Wall Level,byte
Wall #194,Wall Level,byte
Wall #195,Wall Level,byte
Wall #196,Wall Level,byte
Wall #197,Wall Level,byte
Wall #198,Wall Level,byte
Wall #199,Wall Level,byte
Wall #200,Wall Level,byte
Wall #201,Wall Level,byte
Wall #202,Wall Level,byte
Wall #203,Wall Level,byte
Wall #204,Wall Level,byte
Wall #205,Wall Level,byte
Wall #206,Wall Level,byte
Wall #207,Wall Level,byte
Wall #208,Wall Level,byte
Wall #209,Wall Level,byte
Wall #210,Wall Level,byte
Wall #211,Wall Level,byte
Wall #212,Wall Level,byte
Wall #213,Wall Level,byte
Wall #214,Wall Level,byte
Wall #215,Wall Level,byte
Wall #216,Wall Level,byte
Wall #217,Wall Level,byte
Wall #218,Wall Level,byte
Wall #219,Wall Level,byte
Wall #220,Wall Level,byte
Wall #221,Wall Level,byte
Wall #222,Wall Level,byte
Wall #223,Wall Level,byte
Wall #224,Wall Level,byte
Wall #225,Wall Level,byte
Wall #226,Wall Level,byte
Wall #227,Wall Level,byte
Wall #228,Wall Level,byte
Wall #229,Wall Level,byte
Wall #230,Wall Level,byte
Wall #231,Wall Level,byte
Wall #232,Wall Level,byte
Wall #233,Wall Level,byte
Wall #234,Wall Level,byte
Wall #235,Wall Level,byte
Wall #236,Wall Level,byte
Wall #237,Wall Level,byte
Wall #238,Wall Level,byte
Wall #239,Wall Level,byte
Wall #240,Wall Level,byte
Wall #241,Wall Level,byte
Wall #242,Wall Level,byte
Wall #243,Wall Level,byte
Wall #244,Wall Level,byte
Wall #245,Wall Level,byte
Wall #246,Wall Level,byte
Wall #247,Wall Level,byte
Wall #248,Wall Level,byte
Wall #249,Wall Level,byte
Wall #250,Wall Level,byte
Wall #251,Wall Level,byte
Wall #252,Wall Level,byte
Wall #253,Wall Level,byte
Wall #254,Wall Level,byte
Wall #255,Wall Level,byte
Wall #256,Wall Level,byte
Wall #257,Wall Level,byte
Wall #258,Wall Level,byte
Wall #259,Wall Level,byte
Wall #260,Wall Level,byte
Wall #261,Wall Level,byte
Wall #262,Wall Level,byte
Wall #263,Wall Level,byte
Wall #264,Wall Level,byte
Wall #265,Wall Level,byte
Wall #266,Wall Level,byte
Wall #267,Wall Level,byte
Wall #268,Wall Level,byte
Wall #269,Wall Level,byte
Wall #270,Wall Level,byte
Wall #271,Wall Level,byte
Wall #272,Wall Level,byte
Wall #273,Wall Level,byte
Wall #274,Wall Level,byte
Wall #275,Wall Level,byte
Wall #276,Wall Level,byte
Wall #277,Wall Level,byte
Wall #278,Wall Level,byte
Wall #279,Wall Level,byte
Wall #280,Wall Level,byte
Wall #281,Wall Level,byte
Wall #282,Wall Level,byte
Wall #283,Wall Level,byte
Wall #284,Wall Level,byte
Wall #285,Wall Level,byte
Wall #286,Wall Level,byte
Wall #287,Wall Level,byte
Wall #288,Wall Level,byte
Wall #289,Wall Level,byte
Wall #290,Wall Level,byte
Wall #291,Wall Level,byte
Wall #292,Wall Level,byte
Wall #293,Wall Level,byte
Wall #294,Wall Level,byte
Wall #295,Wall Level,byte
Wall #296,Wall Level,byte
Wall #297,Wall Level,byte
Wall #298,Wall Level,byte
Wall #299,Wall Level,byte
Wall #300,Wall Level,byte
Wall #301,Wall Level,byte
Wall #302,Wall Level,byte
Wall #303,Wall Level,byte
Wall #304,Wall Level,byte
Wall #305,Wall Level,byte
Wall #306,Wall Level,byte
Wall #307,Wall Level,byte
Wall #308,Wall Level,byte
Wall #309,Wall Level,byte
Wall #310,Wall Level,byte
Wall #311,Wall Level,byte
Wall #312,Wall Level,byte
Wall #313,Wall Level,byte
Wall #314,Wall Level,byte
Wall #315,Wall Level,byte
Wall #316,Wall Level,byte
Wall #317,Wall Level,byte
Wall #318,Wall Level,byte
Wall #319,Wall Level,byte
Wall #320,Wall Level,byte
Wall #321,Wall Level,byte
Wall #322,Wall Level,byte
Wall #323,Wall Level,byte
Wall #324,Wall Level,byte
Wall #325,Wall Level,byte
Bomb #1,Trap Level,byte
Bomb #2,Trap Level,byte
Bomb #3,Trap Level,byte
Bomb #4,Trap Level,byte
Bomb #5,Trap Level,byte
Bomb #6,Trap Level,byte
Bomb #7,Trap Level,byte
Bomb #8,Trap Level,byte
Spring Trap #1,Trap Level,byte
Spring Trap #2,Trap Level,byte
Spring Trap #3,Trap Level,byte
Spring Trap #4,Trap Level,byte
Spring Trap #5,Trap Level,byte
Spring Trap #6,Trap Level,byte
Spring Trap #7,Trap Level,byte
Spring Trap #8,Trap Level,byte
Spring Trap #9,Trap Level,byte
Air Bomb #1,Trap Level,byte
Air Bomb #2,Trap Level,byte
Air Bomb #3,Trap Level,byte
Air Bomb #4,Trap Level,byte
Air Bomb #5,Trap Level,byte
Air Bomb #6,Trap Level,byte
Air Bomb #7,Trap Level,byte
Air Bomb #8,Trap Level,byte
Giant Bomb #1,Trap Level,byte
Giant Bomb #2,Trap Level,byte
Giant Bomb #3,Trap Level,byte
Giant Bomb #4,Trap Level,byte
Giant Bomb #5,Trap Level,byte
Giant Bomb #6,Trap Level,byte
Giant Bomb #7,Trap Level,byte
Giant Bomb #8,Trap Level,byte
Seeking Air Mine #1,Trap Level,byte
Seeking Air Mine #2,Trap Level,byte
Seeking Air Mine #3,Trap Level,byte
Seeking Air Mine #4,Trap Level,byte
Seeking Air Mine #5,Trap Level,byte
Seeking Air Mine #6,Trap Level,byte
Seeking Air Mine #7,Trap Level,byte
Seeking Air Mine #8,Trap Level,byte
Seeking Air Mine #9,Trap Level,byte
Skeleton Trap #1,Trap Level,byte
Skeleton Trap #2,Trap Level,byte
Skeleton Trap #3,Trap Level,byte
Skeleton Trap #4,Trap Level,byte
Tornado Trap,Trap Level,byte
Giga Bomb,Trap Level,byte
Elixir Storage #1,Resource Level,byte
Elixir Storage #2,Resource Level,byte
Elixir Storage #3,Resource Level,byte
Elixir Storage #4,Resource Level,byte
Gold Storage #1,Resource Level,byte
Gold Storage #2,Resource Level,byte
Gold Storage #3,Resource Level,byte
Gold Storage #4,Resource Level,byte
Dark Elixir Storage,Resource Level,byte
Elixir Collector #1,Resource Level,byte
Elixir Collector #2,Resource Level,byte
Elixir Collector #3,Resource Level,byte
Elixir Collector #4,Resource Level,byte
Elixir Collector #5,Resource Level,byte
Elixir Collector #6,Resource Level,byte
Elixir Collector #7,Resource Level,byte
Gold Mine #1,Resource Level,byte
Gold Mine #2,Resource Level,byte
Gold Mine #3,Resource Level,byte
Gold Mine #4,Resource Level,byte
Gold Mine #5,Resource Level,byte
Gold Mine #6,Resource Level,byte
Gold Mine #7,Resource Level,byte
Dark Elixir Drill #1,Resource Level,byte
Dark Elixir Drill #2,Resource Level,byte
Dark Elixir Drill #3,Resource Level,byte
Helper Hut,Resource Level,byte
Army Camp #1,Army Level,byte
Army Camp #2,Army Level,byte
Army Camp #3,Army Level,byte
Army Camp #4,Army Level,byte
Barracks,Army Level,byte
Clan Castle,Army Level,byte
Laboratory,Army Level,byte
Hero Hall,Army Level,byte
Dark Barracks,Army Level,byte
Spell Factory,Army Level,byte
Dark Spell Factory,Army Level,byte
Blacksmith,Army Level,byte
Workshop,Army Level,byte
Pet House,Army Level,byte
Barbarian King,Hero Level,byte
Archer Queen,Hero Level,byte
Minion Prince,Hero Level,byte
Grand Warden,Hero Level,byte
Royal Champion,Hero Level,byte
Dragon Duke,Hero Level,byte
Barbarian,Troop Level,byte
Archer,Troop Level,byte
Giant,Troop Level,byte
Goblin,Troop Level,byte
Wall Breaker,Troop Level,byte
Balloon,Troop Level,byte
Wizard,Troop Level,byte
Healer,Troop Level,byte
Dragon,Troop Level,byte
P.E.K.K.A.,Troop Level,byte
Baby Dragon,Troop Level,byte
Miner,Troop Level,byte
Electro Dragon,Troop Level,byte
Yeti,Troop Level,byte
Dragon Rider,Troop Level,byte
Electro Titan,Troop Level,byte
Root Rider,Troop Level,byte
Thrower,Troop Level,byte
Meteor Golem,Troop Level,byte
Minion,Troop Level,byte
Hog Rider,Troop Level,byte
Valkyrie,Troop Level,byte
Golem,Troop Level,byte
Witch,Troop Level,byte
Lava Hound,Troop Level,byte
Bowler,Troop Level,byte
Ice Golem,Troop Level,byte
Headhunter,Troop Level,byte
Apprentice Warden,Troop Level,byte
Druid,Troop Level,byte
Furnace,Troop Level,byte
Ruin Witch,Troop Level,byte
Lightning Spell,Spell Level,byte
Healing Spell,Spell Level,byte
Rage Spell,Spell Level,byte
Jump Spell,Spell Level,byte
Freeze Spell,Spell Level,byte
Clone Spell,Spell Level,byte
Invisibility Spell,Spell Level,byte
Recall Spell,Spell Level,byte
Revive Spell,Spell Level,byte
Totem Spell,Spell Level,byte
Poison Spell,Spell Level,byte
Earthquake Spell,Spell Level,byte
Haste Spell,Spell Level,byte
Skeleton Spell,Spell Level,byte
Bat Spell,Spell Level,byte
Overgrowth Spell,Spell Level,byte
Ice Block Spell,Spell Level,byte
Angry Spell,Spell Level,byte
Wall Wrecker,Siege Level,byte
Battle Blimp,Siege Level,byte
Stone Slammer,Siege Level,byte
Siege Barracks,Siege Level,byte
Log Launcher,Siege Level,byte
Flame Flinger,Siege Level,byte
Battle Drill,Siege Level,byte
Troop Launcher,Siege Level,byte
Sky Wagon,Siege Level,byte
L.A.S.S.I.,Pet Level,byte
Electric Owl,Pet Level,byte
Yak,Pet Level,byte
Unicorn,Pet Level,byte
Frosty,Pet Level,byte
Diggy,Pet Level,byte
Poison Lizard,Pet Level,byte
Phoenix,Pet Level,byte
Spirit Fox,Pet Level,byte
Angry Jelly,Pet Level,byte
Sneezy,Pet Level,byte
Greedy Raven,Pet Level,byte
Barbarian Puppet,Equipment Level,byte
Rage Vial,Equipment Level,byte
Earthquake Boots,Equipment Level,byte
Vampstache,Equipment Level,byte
Giant Gauntlet,Equipment Level,byte
Spiky Ball,Equipment Level,byte
Snake Bracelet,Equipment Level,byte
Stick Horse,Equipment Level,byte
Archer Puppet,Equipment Level,byte
Invisibility Vial,Equipment Level,byte
Giant Arrow,Equipment Level,byte
Healer Puppet,Equipment Level,byte
Frozen Arrow,Equipment Level,byte
Magic Mirror,Equipment Level,byte
Action Figure,Equipment Level,byte
Monolith Arrow,Equipment Level,byte
Henchmen Puppet,Equipment Level,byte
Dark Orb,Equipment Level,byte
Metal Pants,Equipment Level,byte
Noble Iron,Equipment Level,byte
Dark Crown,Equipment Level,byte
Meteor Staff,Equipment Level,byte
Portal Pendant,Equipment Level,byte
Eternal Tome,Equipment Level,byte
Life Gem,Equipment Level,byte
Rage Gem,Equipment Level,byte
Healing Tome,Equipment Level,byte
Fireball,Equipment Level,byte
Lavaloon Puppet,Equipment Level,byte
Heroic Torch,Equipment Level,byte
Royal Gem,Equipment Level,byte
Seeking Shield,Equipment Level,byte
Hog Puppet,Equipment Level,byte
Haste Vial,Equipment Level,byte
Rocket Spear,Equipment Level,byte
Electro Boots,Equipment Level,byte
Frost Flake,Equipment Level,byte
Fire Heart,Equipment Level,byte
Flame Blower,Equipment Level,byte
Stun Blaster,Equipment Level,byte
Electro Fangs,Equipment Level,byte
Rocket Backpack,Equipment Level,byte
Revenge Deck,Equipment Level,byte
