Brown Tent Roof,https://media.ffycdn.net/eu/supercell/r6CyYe8RXkofibGyyuXW.png
Red Tent Roof,https://media.ffycdn.net/eu/supercell/Gnvy7wxKgpXUkNqejkmY.png
Yellow Tent Roof,https://media.ffycdn.net/eu/supercell/okTzAZdZ9oKHVXk7DNZy.png
Blue Tent Roof,https://media.ffycdn.net/eu/supercell/ZF7EkFehGETAMk7y3uSG.png
Blue Cross Roof,https://media.ffycdn.net/eu/supercell/ZRWziNCHYiBQd5MN3QDD.png
Green Cross Roof,https://media.ffycdn.net/eu/supercell/zKWW9T7tPRqqXCkDuJfj.png
Red Cross Roof,https://media.ffycdn.net/eu/supercell/8zbxiPKv3x93M6xFTk3D.png
Orange Castle Roof,https://media.ffycdn.net/eu/supercell/e5QetPcjVQFWMKDmLxLL.png
Blue Castle Roof,https://media.ffycdn.net/eu/supercell/xCfvD7UcymsCubVbux35.png
Black Castle Roof,https://media.ffycdn.net/eu/supercell/jKwUo4sXX3nkakQbzMkJ.png
Red Castle Roof,https://media.ffycdn.net/eu/supercell/xCfvD7UcymsCubVbux35.png
Yellow Castle Roof,https://media.ffycdn.net/eu/supercell/J3CeWJU47GvTereEaKeJ.png
Red Pagoda,https://media.ffycdn.net/eu/supercell/EMRG7bjbtjSzJajn993L.png
Blue Pagoda,https://media.ffycdn.net/eu/supercell/Yva5yVdkj1ME816RkE8L.png
Black Pagoda,https://media.ffycdn.net/eu/supercell/4waZL83YhXGEEA1e8oWk.png
Green Pagoda,https://media.ffycdn.net/eu/supercell/sRewaBnPvdRRLh6ieNgv.png
White Pagoda,https://media.ffycdn.net/eu/supercell/Y3Z5ZFUbPRSLE5pmRM9m.png
Stone Roof,https://media.ffycdn.net/eu/supercell/cJ1EuwFdragwKeE5EuBC.png
Grass Roof 1,https://media.ffycdn.net/eu/supercell/SR6XFXyxqp4nYtNF8Wwn.png
Grass Roof 2,https://media.ffycdn.net/eu/supercell/keqFbDCGnUxUhxnZ5zH5.png
White Windmill Roof,https://media.ffycdn.net/eu/supercell/2pyizDNJ62NU6gorFZno.png
Blue Windmill Roof,https://media.ffycdn.net/eu/supercell/QDJwtaskPNFSfGRbKMqf.png
Orange Windmill Roof,https://media.ffycdn.net/eu/supercell/KNC6NGAtXFZUf7YmHFTu.png
Red Windmill Roof,https://media.ffycdn.net/eu/supercell/szNN4TZYmLRMQX9VnWMA.png
Green Windmill Roof,https://media.ffycdn.net/eu/supercell/KHMfyyM9u3Lq4vtojYJM.png
Winter Roof,https://media.ffycdn.net/eu/supercell/4Fajrh229eELpN6joiff.png
Igloo Roof,https://media.ffycdn.net/eu/supercell/sSpeTErAMY22KyFH9kbU.png
Gingerbread Roof,https://media.ffycdn.net/eu/supercell/5Ba6dz1yb1hvkePNo4Ys.png
Dark Stone Walls,https://media.ffycdn.net/eu/supercell/ZCg94cpgzbdjSSqa5Bpy.png
Stilt Walls,https://media.ffycdn.net/eu/supercell/uxqz1dYpn2aB64aG581h.png
Grass Walls,https://media.ffycdn.net/eu/supercell/mzru29pj9bo7Nu3DRsMy.png
Winter Walls,https://media.ffycdn.net/eu/supercell/iWwCBHoW9Fmn5iKXcnsz.png
Igloo Walls,https://media.ffycdn.net/eu/supercell/XYyigestU1bBkjQsuexT.png
Gingerbread Walls,https://media.ffycdn.net/eu/supercell/3kjXWMkJZUx4zVCKkGko.png
Dark Days Walls,https://static.wikia.nocookie.net/clashofclans/images/9/90/Clan_House_Walls_Dark_Days_Walls.png
Checkered Floor,https://media.ffycdn.net/eu/supercell/k3VPYSqfDjZ24nZqirzf.png
Snow Floor,https://media.ffycdn.net/eu/supercell/P5ZkyAvE8aYQ6DkLL896.png
Grass Floor,https://media.ffycdn.net/eu/supercell/f8EPACvVoiVSpjpHveno.png
White Fence Floor,https://media.ffycdn.net/eu/supercell/WdtcVXVvhCE37dCgAjRU.png
Gold Floor,https://media.ffycdn.net/eu/supercell/F4qts2gGQb75P1rX7rx6.png
Gingerbread Floor,https://media.ffycdn.net/eu/supercell/gqVypArSvuUyubYnzCcK.png
Sports Track Floor,https://static.wikia.nocookie.net/clashofclans/images/5/5f/Clan_House_Ground_Clash_Games_Floor.png
Dark Days Floor,https://static.wikia.nocookie.net/clashofclans/images/9/9f/Clan_House_Ground_Dark_Days_Ground.png
Tree Decorationration,https://media.ffycdn.net/eu/supercell/nEtmqfzbFKpbMy5upVei.png
Gingerbread Decoration,https://media.ffycdn.net/eu/supercell/PnDre5CR6nVCjvSdcqXR.png
Candy Cane Decoration,https://media.ffycdn.net/eu/supercell/ie5YwZw7quyuXRxwBKCM.png
Snowman Decoration,https://media.ffycdn.net/eu/supercell/HZTMih2Ff6XnipToMWE3.png
Flamingo Decoration,https://media.ffycdn.net/eu/supercell/VJpEGPaRSi8oxRdWpjj8.png
Stone Decoration,https://media.ffycdn.net/eu/supercell/itBp6WfZKqX6UXR585yq.png
Torch Decoration,https://static.wikia.nocookie.net/clashofclans/images/8/8d/Clan_House_Decorationration_Clash_Games_Decorationration.png
