Barbarian Puppet,https://static.wikia.nocookie.net/clashofclans/images/9/96/Barbarian_Puppet.png
Rage Vial,https://static.wikia.nocookie.net/clashofclans/images/8/89/Rage_Vial.png
Earthquake Boots,https://static.wikia.nocookie.net/clashofclans/images/4/4b/Earthquake_Boots.png
Vampstache,https://static.wikia.nocookie.net/clashofclans/images/6/6d/Vampstache.png
Archer Puppet,https://static.wikia.nocookie.net/clashofclans/images/d/d4/Archer_Puppet.png
Invisibility Vial,https://static.wikia.nocookie.net/clashofclans/images/0/08/Invisibility_Vial.png
Giant Arrow,https://static.wikia.nocookie.net/clashofclans/images/b/bb/Giant_Arrow.png
Healer Puppet,https://static.wikia.nocookie.net/clashofclans/images/d/dd/Healer_Puppet.png
Henchmen Puppet,https://static.wikia.nocookie.net/clashofclans/images/d/dc/Henchmen_Puppet.png
Dark Orb,https://static.wikia.nocookie.net/clashofclans/images/c/cc/Dark_Orb.png
Metal Pants,https://static.wikia.nocookie.net/clashofclans/images/0/04/Metal_Pants.png
Noble Iron,https://static.wikia.nocookie.net/clashofclans/images/4/4b/Noble_Iron.png
Eternal Tome,https://static.wikia.nocookie.net/clashofclans/images/2/29/Eternal_Tome.png
Life Gem,https://static.wikia.nocookie.net/clashofclans/images/f/fe/Life_Gem.png
Rage Gem,https://static.wikia.nocookie.net/clashofclans/images/8/8f/Rage_Gem.png
Healing Tome,https://static.wikia.nocookie.net/clashofclans/images/5/5e/Healing_Tome.png
Royal Gem,https://static.wikia.nocookie.net/clashofclans/images/b/b9/Royal_Gem.png
Seeking Shield,https://static.wikia.nocookie.net/clashofclans/images/3/36/Seeking_Shield.png
Hog Puppet,https://static.wikia.nocookie.net/clashofclans/images/3/32/Hog_Rider_Puppet.png
Haste Vial,https://static.wikia.nocookie.net/clashofclans/images/b/b1/Haste_Vial.png
Fire Heart,https://static.wikia.nocookie.net/clashofclans/images/8/86/Fire_Heart.png
Flame Blower,https://static.wikia.nocookie.net/clashofclans/images/8/89/Flame_Blower.png
Stun Blaster,https://static.wikia.nocookie.net/clashofclans/images/3/34/Stun_Blaster.png
Electro Fangs,https://static.wikia.nocookie.net/clashofclans/images/2/2c/Electro_Fangs.png
