Name,Link
Barbarian Puppet,https://static.wikia.nocookie.net/clashofclans/images/9/96/Barbarian_Puppet.png
Rage Vial,https://static.wikia.nocookie.net/clashofclans/images/8/89/Rage_Vial.png
Earthquake Boots,https://static.wikia.nocookie.net/clashofclans/images/4/4b/Earthquake_Boots.png
Vampstache,https://static.wikia.nocookie.net/clashofclans/images/6/6d/Vampstache.png
Archer Puppet,https://static.wikia.nocookie.net/clashofclans/images/d/d4/Archer_Puppet.png
Invisibility Vial,https://static.wikia.nocookie.net/clashofclans/images/0/08/Invisibility_Vial.png
Giant Arrow,https://static.wikia.nocookie.net/clashofclans/images/b/bb/Giant_Arrow.png
Healer Puppet,https://static.wikia.nocookie.net/clashofclans/images/d/dd/Healer_Puppet.png
Henchmen Puppet,https://static.wikia.nocookie.net/clashofclans/images/d/dc/Henchmen_Puppet.png
Dark Orb,https://static.wikia.nocookie.net/clashofclans/images/c/cc/Dark_Orb.png
Metal Pants,https://static.wikia.nocookie.net/clashofclans/images/0/04/Metal_Pants.png
Noble Iron,https://static.wikia.nocookie.net/clashofclans/images/4/4b/Noble_Iron.png
Eternal Tome,https://static.wikia.nocookie.net/clashofclans/images/2/29/Eternal_Tome.png
Life Gem,https://static.wikia.nocookie.net/clashofclans/images/f/fe/Life_Gem.png
Rage Gem,https://static.wikia.nocookie.net/clashofclans/images/8/8f/Rage_Gem.png
Healing Tome,https://static.wikia.nocookie.net/clashofclans/images/5/5e/Healing_Tome.png
Royal Gem,https://static.wikia.nocookie.net/clashofclans/images/b/b9/Royal_Gem.png
Seeking Shield,https://static.wikia.nocookie.net/clashofclans/images/3/36/Seeking_Shield.png
Hog Puppet,https://static.wikia.nocookie.net/clashofclans/images/3/32/Hog_Rider_Puppet.png
Haste Vial,https://static.wikia.nocookie.net/clashofclans/images/b/b1/Haste_Vial.png
Fire Heart,https://static.wikia.nocookie.net/clashofclans/images/8/86/Fire_Heart.png
Flame Blower,https://static.wikia.nocookie.net/clashofclans/images/8/89/Flame_Blower.png
Stun Blaster,https://static.wikia.nocookie.net/clashofclans/images/3/34/Stun_Blaster.png
Electro Fangs,https://static.wikia.nocookie.net/clashofclans/images/2/2c/Electro_Fangs.png
Giant Gauntlet,https://static.wikia.nocookie.net/clashofclans/images/2/27/Giant_Gauntlet.png
Spiky Ball,https://static.wikia.nocookie.net/clashofclans/images/d/d9/Spiky_Ball.png
Snake Bracelet,https://static.wikia.nocookie.net/clashofclans/images/5/56/Snake_Bracelet.png
Stick Horse,https://static.wikia.nocookie.net/clashofclans/images/c/c7/Stick_Horse.png
Frozen Arrow,https://static.wikia.nocookie.net/clashofclans/images/2/23/Frozen_Arrow.png
Magic Mirror,https://static.wikia.nocookie.net/clashofclans/images/1/1d/Magic_Mirror.png
Action Figure,https://static.wikia.nocookie.net/clashofclans/images/7/70/Action_Figure.png
Monolith Arrow,https://static.wikia.nocookie.net/clashofclans/images/3/3b/Monolith_Arrow.png
Dark Crown,https://static.wikia.nocookie.net/clashofclans/images/7/7e/Dark_Crown.png
Meteor Staff,https://static.wikia.nocookie.net/clashofclans/images/0/07/Meteor_Staff.png
Portal Pendant,https://static.wikia.nocookie.net/clashofclans/images/c/cc/Portal_Pendant.png
Fireball,https://static.wikia.nocookie.net/clashofclans/images/4/49/Fireball_Equipment.png
Lavaloon Puppet,https://static.wikia.nocookie.net/clashofclans/images/b/b6/Lavaloon_Puppet.png
Heroic Torch,https://static.wikia.nocookie.net/clashofclans/images/8/8a/Heroic_Torch.png
Rocket Spear,https://static.wikia.nocookie.net/clashofclans/images/0/00/Rocket_Spear.png
Electro Boots,https://static.wikia.nocookie.net/clashofclans/images/e/ed/Electro_Boots.png
Frost Flake,https://static.wikia.nocookie.net/clashofclans/images/4/4c/Frost_Flake.png
Rocket Backpack,https://static.wikia.nocookie.net/clashofclans/images/8/8f/Rocket_Backpack.png
Revenge Deck,https://static.wikia.nocookie.net/clashofclans/images/9/96/Revenge_Deck.png
