Giant Gauntlet,https://static.wikia.nocookie.net/clashofclans/images/2/27/Giant_Gauntlet.png
Spiky Ball,https://static.wikia.nocookie.net/clashofclans/images/d/d9/Spiky_Ball.png
Snake Bracelet,https://static.wikia.nocookie.net/clashofclans/images/5/56/Snake_Bracelet.png
Stick Horse,https://static.wikia.nocookie.net/clashofclans/images/c/c7/Stick_Horse.png
Frozen Arrow,https://static.wikia.nocookie.net/clashofclans/images/2/23/Frozen_Arrow.png
Magic Mirror,https://static.wikia.nocookie.net/clashofclans/images/1/1d/Magic_Mirror.png
Action Figure,https://static.wikia.nocookie.net/clashofclans/images/7/70/Action_Figure.png
Monolith Arrow,https://static.wikia.nocookie.net/clashofclans/images/3/3b/Monolith_Arrow.png
Dark Crown,https://static.wikia.nocookie.net/clashofclans/images/7/7e/Dark_Crown.png
Meteor Staff,https://static.wikia.nocookie.net/clashofclans/images/0/07/Meteor_Staff.png
Portal Pendant,https://static.wikia.nocookie.net/clashofclans/images/c/cc/Portal_Pendant.png
Fireball,https://static.wikia.nocookie.net/clashofclans/images/4/49/Fireball_Equipment.png
Lavaloon Puppet,https://static.wikia.nocookie.net/clashofclans/images/b/b6/Lavaloon_Puppet.png
Heroic Torch,https://static.wikia.nocookie.net/clashofclans/images/8/8a/Heroic_Torch.png
Rocket Spear,https://static.wikia.nocookie.net/clashofclans/images/0/00/Rocket_Spear.png
Electro Boots,https://static.wikia.nocookie.net/clashofclans/images/e/ed/Electro_Boots.png
Frost Flake,https://static.wikia.nocookie.net/clashofclans/images/4/4c/Frost_Flake.png
Rocket Backpack,https://static.wikia.nocookie.net/clashofclans/images/8/8f/Rocket_Backpack.png
Revenge Deck,https://static.wikia.nocookie.net/clashofclans/images/9/96/Revenge_Deck.png
