Gladiator King,https://media.ffycdn.net/eu/supercell/W436j2gQrmRfJ3A6WHDE.png
P.E.K.K.A King,https://media.ffycdn.net/eu/supercell/3pS5hVgBH6PxC6DQGVz4.png
Skeleton King,https://media.ffycdn.net/eu/supercell/3nKaPkZMDUt5wAn6LxUx.png
Jolly King,https://media.ffycdn.net/eu/supercell/XrFu73a8eeqHRixCic92.png
Primal King,https://media.ffycdn.net/eu/supercell/jwSqyJJsB24vj8AHZPCc.png
Clockwork King,https://media.ffycdn.net/eu/supercell/3fpW1aTCvpmNo91ez9ct.png
Party King,https://media.ffycdn.net/eu/supercell/MAvi7JfVBmACZKmKexbR.png
Pirate King,https://media.ffycdn.net/eu/supercell/WbT6Hp5pGDRn4eWZ6ZpM.png
Rogue King,https://static.wikia.nocookie.net/clashofclans/images/0/07/Rogue_King_info_2.png
Jungle King,https://media.ffycdn.net/eu/supercell/ao3EEY83isFMBork3bBW.png
Golem King,https://media.ffycdn.net/eu/supercell/PMEFTZodT2Sm8ZitJ4Xn.png
Shadow King,https://media.ffycdn.net/eu/supercell/mB8JMXbtaP7dAvphkDtD.png
Clash Fest King,https://media.ffycdn.net/eu/supercell/8vSS9mJCqsykvVtv8bc2.png
Beast King,https://media.ffycdn.net/eu/supercell/odpQiK1EakvUtZkeo2aN.png
Dark Ages King,https://media.ffycdn.net/eu/supercell/8XeMk4TPYCqUqeijvgzT.png
Goblin King,https://media.ffycdn.net/eu/supercell/mPMbE7TZMpozZwmEBDi7.png
King of the North,https://media.ffycdn.net/eu/supercell/L6gCZrwGNtzBB5aDBGgP.png
Clash Games King,https://media.ffycdn.net/eu/supercell/UpnTKaWRTLhxJvW1A6jB.png
Judgement King,https://media.ffycdn.net/eu/supercell/TYkTy6qxG6kqFYENGcxf.png
Combat King,https://static.wikia.nocookie.net/clashofclans/images/c/c0/Combat_King_info_3.png
Gladiator Queen,https://media.ffycdn.net/eu/supercell/qnFYDP8i1LPkqpvraWct.png
Valkyrie Queen,https://media.ffycdn.net/eu/supercell/Uxff53JYkE6dix29ddZs.png
Autumn Queen,https://media.ffycdn.net/eu/supercell/vN1AfixYhCdJekpKLgSF.png
Ice Queen,https://media.ffycdn.net/eu/supercell/LENLBvBv9FC4R19vK863.png
Primal Queen,https://media.ffycdn.net/eu/supercell/MxGQ6trEno6pGKcFqCio.png
Clockwork Queen,https://media.ffycdn.net/eu/supercell/urrcmC3TLgEFjYosZkFr.png
Pirate Queen,https://media.ffycdn.net/eu/supercell/EsgyU8HqA6cMit8vtmG2.png
Rogue Queen,https://preview.redd.it/misc-rogue-queen-render-transparent-background-enjoy-ddd-v0-4ek7mn6zzfe61.png?auto=webp&s=7fba1f2296158ae39de67446461440104738eccc
Jungle Queen,https://media.ffycdn.net/eu/supercell/t5qXn6Eo9BfZdi9CrjTk.png
Party Queen,https://media.ffycdn.net/eu/supercell/L3fue2DapW7oVpKcRtJ7.png
Shadow Queen,https://media.ffycdn.net/eu/supercell/Y7Whucq8rJgzuEHApD8s.png
Miner Queen,https://media.ffycdn.net/eu/supercell/gkYEkVqQe3T4brkaVd5G.png
Summer Queen,https://media.ffycdn.net/eu/supercell/bEuLBc8s91dDBBKoFUEQ.png
Spooky Queen,https://media.ffycdn.net/eu/supercell/UDDqyRZWPKqUCbnuf1cy.png
Jolly Queen,https://media.ffycdn.net/eu/supercell/7Y2mVnciVeDh6zHB1bwg.png
Goblin Queen,https://media.ffycdn.net/eu/supercell/LHQ5CwRdfSR9eD9fQvfy.png
Chess Queen,https://media.ffycdn.net/eu/supercell/J8f8U7SwhUtFGEVzErzK.png
Space Queen,https://media.ffycdn.net/eu/supercell/c8EnadNLnxNsMbq7D86j.png
Dark Minion Queen,https://bases-coc.com/wp-content/uploads/2024/10/Dark-Minion-Queen.webp
Puppet Queen,https://imgur.com/a/NmDplmo
Kyudo Queen,https://imgur.com/a/DTXwtmS
Party Warden,https://media.ffycdn.net/eu/supercell/rKyLdHHutCQ7PwSfBHWY.png
Primal Warden,https://media.ffycdn.net/eu/supercell/aLVf4exfDrdVDK99Wuyp.png
Clockwork Warden,https://media.ffycdn.net/eu/supercell/wo17z5W9zLZqqGWpqgCa.png
Gladiator Warden,https://media.ffycdn.net/eu/supercell/fZwpLbSsgBoGjqwSDpFM.png
Pirate Warden,https://media.ffycdn.net/eu/supercell/eT5EP8yQVoKWLzPT4VHK.png
Warden of the North,https://media.ffycdn.net/eu/supercell/YuQFh4wqjoGMXZkMUSXJ.png
Jungle Warden,https://media.ffycdn.net/eu/supercell/GNnF3Crt8eViJGdptR53.png
Warden Master,https://media.ffycdn.net/eu/supercell/Y2Df8v97HdxgCPTZqwuH.png
Jolly Warden,https://media.ffycdn.net/eu/supercell/HsWTjWBVkxfwmT3iUssW.png
Warrior Warden,https://media.ffycdn.net/eu/supercell/56wAD81nqS7NUihkwkkM.png
Summer Warden,https://media.ffycdn.net/eu/supercell/56wAD81nqS7NUihkwkkM.png
Dark Ages Warden,https://media.ffycdn.net/eu/supercell/JJzVFC9xEWPYAoDxNqsn.png
Future Warden,https://media.ffycdn.net/eu/supercell/PXkF7AwqDhZJUd9UFxKj.png
Gingerbread Warden,https://media.ffycdn.net/eu/supercell/31vcHmbfPYXcEhCnw2SZ.png
Egypt Warden,https://media.ffycdn.net/eu/supercell/cxY5EYnMqeN1HKNnYiCd.png
Wild West Warden,https://media.ffycdn.net/eu/supercell/DT8P4uHGPVUkqb4sUD3G.png
Snake Warden,https://imgur.com/a/rP8lfBp
Winter Champion,https://media.ffycdn.net/eu/supercell/dUtoYffACqYdbFgey6NF.png
Rogue Champion,https://imgur.com/a/1k40m8H
Gladiator Champion,https://media.ffycdn.net/eu/supercell/VHSiJTpZbMnjLQMu1iKm.png
Shadow Champion,https://media.ffycdn.net/eu/supercell/TeM2YyLjZsQVpxFWKwaQ.png
Party Champion,https://media.ffycdn.net/eu/supercell/sFPAXP7GtpPsRuodidHd.png
Pirate Champion,https://media.ffycdn.net/eu/supercell/y4Kp7TkULJTRvduQyDfc.png
Warrior Champion,https://media.ffycdn.net/eu/supercell/3mDyTNAzh3Uzz5jmKRp3.png
Ghost Champion,https://media.ffycdn.net/eu/supercell/PEq35xRcFqx132qfZDSg.png
Champions’ Champion,https://media.ffycdn.net/eu/supercell/ArxUNRRuPxz7Bmppf7dd.png
Dragon Champion,https://media.ffycdn.net/eu/supercell/4rKdco9xqe2TRRfspyet.png
Football Champion,https://imgur.com/a/7Yf6fAo
Anime Champion,https://media.ffycdn.net/eu/supercell/fEagswP4di13JRrLjCGR.png
Ice Champion,https://media.ffycdn.net/eu/supercell/PCTnJXEyagidrSNoLzyD.png
Armored Machine,https://media.ffycdn.net/eu/supercell/Cm5EFRCyNYCQoTVhiAhf.png
