Town Hall,Shiny Rare,Glowy Rare,Starry Rare,Shiny Epic,Glowy Epic,Starry Epic
1,,,,,,
2,,,,,,
3,,,,,,
4,,,,,,
5,,,,,,
6,,,,,,
7,,,,,,
8,480-720,24-36,2-3,960-1440,48-72,4-6
9,538-806,27-40,2-3,1075-1613,54-81,4-6
10,614-922,31-46,2-4,1229-1843,61-92,5-7
11,710-1066,36-53,3-4,1421-2131,71-107,6-9
12,826-1238,41-62,3-5,1651-2477,83-124,7-10
13,960-1440,48-72,4-6,1920-2880,96-144,8-12
14,1114-1670,56-84,4-7,2227-3341,111-167,9-13
15,1286-1930,64-96,5-8,2573-3859,129-193,10-15
16,1478-2218,74-111,6-9,2957-4435,148-222,12-18
17,1690-2534,84-127,7-10,3379-5069,169-253,14-20
18,1920-2880,96-144,8-12,3840-5760,192-288,15-23
